Özet,Konu anahtarı,Konu kimliği,Konu Türü,Durum,Proje anahtarı,Proje adı,Proje türü,Proje lideri,Proje lideri kimliği,Proje açıklaması,Öncelik,Çözüm,Atanan Kişi,Atanan Kimliği,Raporlayan,Raporlayıcı Kimliği,Oluşturan,Oluşturan Kimliği,Oluşturulan,Güncellendi,Son Görüntüleme,Çözülme Tarihi,Bitiş tarihi,Oylar,Açıklama,Ortam,Takip Edenler,Takip Edenlerin Kimlikleri,Orijinal tahmin,Kalan Süre Tahmini,Harcanan Süre,Çalışma Oranı,Σ Orijinal Tahmini,Σ Kalan Süre Tahmini,Σ Harcanan Süre,Güvenlik Düzeyi,Özel alan (Başlangıç tarihi),Özel alan (Konu rengi),Özel alan (Rank),Özel alan (Team),Özel alan (development),Durum Kategorisi,Durum Kategorisi Değiştirildi
Conduct Exploratory Testing on Registration Flow,KAN-16,10015,Feature,Tamam,KAN,Kanban Alanım,software,Gül,712020:5408a4ed-13ab-4d1f-8d60-d32702d2a2ee,,Medium,,,,Gül,712020:5408a4ed-13ab-4d1f-8d60-d32702d2a2ee,Gül,712020:5408a4ed-13ab-4d1f-8d60-d32702d2a2ee,26/Eyl/26 4:35 PM,26/Eyl/26 4:35 PM,,,,0,,,Gül,712020:5408a4ed-13ab-4d1f-8d60-d32702d2a2ee,,,,,,,,,,,0|i0001b:,,{},Tamamlandı,26/Eyl/26 4:35 PM
Run UAT Scenarios for Login Feature,KAN-15,10014,Feature,Acceptance,KAN,Kanban Alanım,software,Gül,712020:5408a4ed-13ab-4d1f-8d60-d32702d2a2ee,,Medium,,,,Gül,712020:5408a4ed-13ab-4d1f-8d60-d32702d2a2ee,Gül,712020:5408a4ed-13ab-4d1f-8d60-d32702d2a2ee,26/Eyl/26 4:35 PM,26/Eyl/26 4:35 PM,,,,0,,,Gül,712020:5408a4ed-13ab-4d1f-8d60-d32702d2a2ee,,,,,,,,,,,0|i00013:,,{},Yapılacaklar,26/Eyl/26 4:35 PM
Execute Unit Tests for Password Validation,KAN-14,10013,Feature,Development,KAN,Kanban Alanım,software,Gül,712020:5408a4ed-13ab-4d1f-8d60-d32702d2a2ee,,Medium,,,,Gül,712020:5408a4ed-13ab-4d1f-8d60-d32702d2a2ee,Gül,712020:5408a4ed-13ab-4d1f-8d60-d32702d2a2ee,26/Eyl/26 4:34 PM,26/Eyl/26 4:34 PM,,,,0,,,Gül,712020:5408a4ed-13ab-4d1f-8d60-d32702d2a2ee,,,,,,,,,,,0|i0000v:,,{},Yapılacaklar,26/Eyl/26 4:34 PM
Define Unit Test Cases for Password Validation,KAN-13,10012,Feature,Development,KAN,Kanban Alanım,software,Gül,712020:5408a4ed-13ab-4d1f-8d60-d32702d2a2ee,,Medium,,,,Gül,712020:5408a4ed-13ab-4d1f-8d60-d32702d2a2ee,Gül,712020:5408a4ed-13ab-4d1f-8d60-d32702d2a2ee,26/Eyl/26 4:34 PM,26/Eyl/26 4:34 PM,,,,0,,,Gül,712020:5408a4ed-13ab-4d1f-8d60-d32702d2a2ee,,,,,,,,,,,0|i0000n:,,{},Yapılacaklar,26/Eyl/26 4:34 PM
Write Integration Test Cases for Auth and Profile Modules,KAN-12,10011,Feature,Devam Ediyor,KAN,Kanban Alanım,software,Gül,712020:5408a4ed-13ab-4d1f-8d60-d32702d2a2ee,,Medium,,,,Gül,712020:5408a4ed-13ab-4d1f-8d60-d32702d2a2ee,Gül,712020:5408a4ed-13ab-4d1f-8d60-d32702d2a2ee,26/Eyl/26 4:34 PM,26/Eyl/26 4:34 PM,,,,0,,,Gül,712020:5408a4ed-13ab-4d1f-8d60-d32702d2a2ee,,,,,,,,,,,0|i0000f:,,{},Devam Ediyor,26/Eyl/26 4:34 PM
Draft System Test Plan,KAN-11,10010,Feature,Devam Ediyor,KAN,Kanban Alanım,software,Gül,712020:5408a4ed-13ab-4d1f-8d60-d32702d2a2ee,,Medium,,,,Gül,712020:5408a4ed-13ab-4d1f-8d60-d32702d2a2ee,Gül,712020:5408a4ed-13ab-4d1f-8d60-d32702d2a2ee,26/Eyl/26 4:34 PM,26/Eyl/26 4:34 PM,,,,0,,,Gül,712020:5408a4ed-13ab-4d1f-8d60-d32702d2a2ee,,,,,,,,,,,0|i00007:,,{},Devam Ediyor,26/Eyl/26 4:34 PM
Draft Acceptance Test Plan,KAN-10,10009,Feature,Yapılacaklar,KAN,Kanban Alanım,software,Gül,712020:5408a4ed-13ab-4d1f-8d60-d32702d2a2ee,,Medium,,,,Gül,712020:5408a4ed-13ab-4d1f-8d60-d32702d2a2ee,Gül,712020:5408a4ed-13ab-4d1f-8d60-d32702d2a2ee,26/Eyl/26 4:34 PM,26/Eyl/26 4:34 PM,,,,0,,,Gül,712020:5408a4ed-13ab-4d1f-8d60-d32702d2a2ee,,,,,,,,,,,0|hzzzzz:,,{},Yapılacaklar,26/Eyl/26 4:34 PM
Perform System-Wide Security Scan,KAN-8,10001,Görev,İNCELEMEDE,KAN,Kanban Alanım,software,Gül,712020:5408a4ed-13ab-4d1f-8d60-d32702d2a2ee,,,,,,Gül,712020:5408a4ed-13ab-4d1f-8d60-d32702d2a2ee,Gül,712020:5408a4ed-13ab-4d1f-8d60-d32702d2a2ee,26/Eyl/26 4:29 PM,26/Eyl/26 4:29 PM,,,,0,"""Testing the full integrated system against vulnerabilities and unauthorized access.""",,,,0,0,0,,0,0,0,,,,0|i0001r:,,{},Devam Ediyor,
Execute Integration Test Suite for Auth and Profile Modules,KAN-7,10005,Görev,İNCELEMEDE,KAN,Kanban Alanım,software,Gül,712020:5408a4ed-13ab-4d1f-8d60-d32702d2a2ee,,,,,,Gül,712020:5408a4ed-13ab-4d1f-8d60-d32702d2a2ee,Gül,712020:5408a4ed-13ab-4d1f-8d60-d32702d2a2ee,26/Eyl/26 4:29 PM,26/Eyl/26 4:29 PM,,,,0,"""Running integration tests on connected modules to ensure secure data flow.""",,,,0,0,0,,0,0,0,,,,0|i0002n:,,{},Devam Ediyor,
